Contract Name,Contract Address,Slot,Value
stabilityFeeCollector,0x00f093e0E188dA1711a18fd5BF7468aea706888C,0,0x0000000000000000000000000000000000000000000000000000000000000001
stabilityFeeCollector,0x00f093e0E188dA1711a18fd5BF7468aea706888C,1,0x0000000000000000000000000000000000000000000000000000000000000000
stabilityFeeCollector,0x00f093e0E188dA1711a18fd5BF7468aea706888C,2,0x0000000000000000000000000000000000000000000000000000000000000000
stabilityFeeCollector,0x00f093e0E188dA1711a18fd5BF7468aea706888C,3,0x0000000000000000000000000000000000000000000000000000000000000000
stabilityFeeCollector,0x00f093e0E188dA1711a18fd5BF7468aea706888C,4,0x0000000000000000000000000000000000000000000000000000000000000000
stabilityFeeCollector,0x00f093e0E188dA1711a18fd5BF7468aea706888C,5,0x0000000000000000000000000000000000000000000000000000000000000000
stabilityFeeCollector,0x00f093e0E188dA1711a18fd5BF7468aea706888C,6,0x0000000000000000000000000000000000000000000000000000000000000000
stabilityFeeCollector,0x00f093e0E188dA1711a18fd5BF7468aea706888C,7,0x0000000000000000000000000000000000000000000000000000000000000000
stabilityFeeCollector,0x00f093e0E188dA1711a18fd5BF7468aea706888C,8,0x0000000000000000000000000000000000000000000000000000000000000000
stabilityFeeCollector,0x00f093e0E188dA1711a18fd5BF7468aea706888C,9,0x0000000000000000000000000000000000000000000000000000000000000000
stabilityFeeCollector,0x00f093e0E188dA1711a18fd5BF7468aea706888C,10,0x0000000000000000000000000000000000000000000000000000000000000000
stabilityFeeCollector,0x00f093e0E188dA1711a18fd5BF7468aea706888C,11,0x0000000000000000000000000000000000000000000000000000000000000000
stabilityFeeCollector,0x00f093e0E188dA1711a18fd5BF7468aea706888C,12,0x0000000000000000000000000000000000000000000000000000000000000000
stabilityFeeCollector,0x00f093e0E188dA1711a18fd5BF7468aea706888C,13,0x0000000000000000000000000000000000000000000000000000000000000000
stabilityFeeCollector,0x00f093e0E188dA1711a18fd5BF7468aea706888C,14,0x0000000000000000000000000000000000000000000000000000000000000000
stabilityFeeCollector,0x00f093e0E188dA1711a18fd5BF7468aea706888C,15,0x0000000000000000000000000000000000000000000000000000000000000000
stabilityFeeCollector,0x00f093e0E188dA1711a18fd5BF7468aea706888C,16,0x0000000000000000000000000000000000000000000000000000000000000000
stabilityFeeCollector,0x00f093e0E188dA1711a18fd5BF7468aea706888C,17,0x0000000000000000000000000000000000000000000000000000000000000000
stabilityFeeCollector,0x00f093e0E188dA1711a18fd5BF7468aea706888C,18,0x0000000000000000000000000000000000000000000000000000000000000000
stabilityFeeCollector,0x00f093e0E188dA1711a18fd5BF7468aea706888C,19,0x0000000000000000000000000000000000000000000000000000000000000000
stabilityFeeCollector,0x00f093e0E188dA1711a18fd5BF7468aea706888C,20,0x0000000000000000000000000000000000000000000000000000000000000000
stabilityFeeCollector,0x00f093e0E188dA1711a18fd5BF7468aea706888C,21,0x0000000000000000000000000000000000000000000000000000000000000000
stabilityFeeCollector,0x00f093e0E188dA1711a18fd5BF7468aea706888C,22,0x0000000000000000000000000000000000000000000000000000000000000000
stabilityFeeCollector,0x00f093e0E188dA1711a18fd5BF7468aea706888C,23,0x0000000000000000000000000000000000000000000000000000000000000000
stabilityFeeCollector,0x00f093e0E188dA1711a18fd5BF7468aea706888C,24,0x0000000000000000000000000000000000000000000000000000000000000000
stabilityFeeCollector,0x00f093e0E188dA1711a18fd5BF7468aea706888C,25,0x0000000000000000000000000000000000000000000000000000000000000000
stabilityFeeCollector,0x00f093e0E188dA1711a18fd5BF7468aea706888C,26,0x0000000000000000000000000000000000000000000000000000000000000000
stabilityFeeCollector,0x00f093e0E188dA1711a18fd5BF7468aea706888C,27,0x0000000000000000000000000000000000000000000000000000000000000000
stabilityFeeCollector,0x00f093e0E188dA1711a18fd5BF7468aea706888C,28,0x0000000000000000000000000000000000000000000000000000000000000000
stabilityFeeCollector,0x00f093e0E188dA1711a18fd5BF7468aea706888C,29,0x0000000000000000000000000000000000000000000000000000000000000000
stabilityFeeCollector,0x00f093e0E188dA1711a18fd5BF7468aea706888C,30,0x0000000000000000000000000000000000000000000000000000000000000000
stabilityFeeCollector,0x00f093e0E188dA1711a18fd5BF7468aea706888C,31,0x0000000000000000000000000000000000000000000000000000000000000000
stabilityFeeCollector,0x00f093e0E188dA1711a18fd5BF7468aea706888C,32,0x0000000000000000000000000000000000000000000000000000000000000000
stabilityFeeCollector,0x00f093e0E188dA1711a18fd5BF7468aea706888C,33,0x0000000000000000000000000000000000000000000000000000000000000000
stabilityFeeCollector,0x00f093e0E188dA1711a18fd5BF7468aea706888C,34,0x0000000000000000000000000000000000000000000000000000000000000000
stabilityFeeCollector,0x00f093e0E188dA1711a18fd5BF7468aea706888C,35,0x0000000000000000000000000000000000000000000000000000000000000000
stabilityFeeCollector,0x00f093e0E188dA1711a18fd5BF7468aea706888C,36,0x0000000000000000000000000000000000000000000000000000000000000000
stabilityFeeCollector,0x00f093e0E188dA1711a18fd5BF7468aea706888C,37,0x0000000000000000000000000000000000000000000000000000000000000000
stabilityFeeCollector,0x00f093e0E188dA1711a18fd5BF7468aea706888C,38,0x0000000000000000000000000000000000000000000000000000000000000000
stabilityFeeCollector,0x00f093e0E188dA1711a18fd5BF7468aea706888C,39,0x0000000000000000000000000000000000000000000000000000000000000000
stabilityFeeCollector,0x00f093e0E188dA1711a18fd5BF7468aea706888C,40,0x0000000000000000000000000000000000000000000000000000000000000000
stabilityFeeCollector,0x00f093e0E188dA1711a18fd5BF7468aea706888C,41,0x0000000000000000000000000000000000000000000000000000000000000000
stabilityFeeCollector,0x00f093e0E188dA1711a18fd5BF7468aea706888C,42,0x0000000000000000000000000000000000000000000000000000000000000000
stabilityFeeCollector,0x00f093e0E188dA1711a18fd5BF7468aea706888C,43,0x0000000000000000000000000000000000000000000000000000000000000000
stabilityFeeCollector,0x00f093e0E188dA1711a18fd5BF7468aea706888C,44,0x0000000000000000000000000000000000000000000000000000000000000000
stabilityFeeCollector,0x00f093e0E188dA1711a18fd5BF7468aea706888C,45,0x0000000000000000000000000000000000000000000000000000000000000000
stabilityFeeCollector,0x00f093e0E188dA1711a18fd5BF7468aea706888C,46,0x0000000000000000000000000000000000000000000000000000000000000000
stabilityFeeCollector,0x00f093e0E188dA1711a18fd5BF7468aea706888C,47,0x0000000000000000000000000000000000000000000000000000000000000000
stabilityFeeCollector,0x00f093e0E188dA1711a18fd5BF7468aea706888C,48,0x0000000000000000000000000000000000000000000000000000000000000000
stabilityFeeCollector,0x00f093e0E188dA1711a18fd5BF7468aea706888C,49,0x0000000000000000000000000000000000000000000000000000000000000000
stabilityFeeCollector,0x00f093e0E188dA1711a18fd5BF7468aea706888C,50,0x0000000000000000000000000000000000000000000000000000000000000000
stabilityFeeCollector,0x00f093e0E188dA1711a18fd5BF7468aea706888C,51,0x0000000000000000000000000000000000000000000000000000000000000000
stabilityFeeCollector,0x00f093e0E188dA1711a18fd5BF7468aea706888C,52,0x0000000000000000000000000000000000000000000000000000000000000000
stabilityFeeCollector,0x00f093e0E188dA1711a18fd5BF7468aea706888C,53,0x0000000000000000000000000000000000000000000000000000000000000000
stabilityFeeCollector,0x00f093e0E188dA1711a18fd5BF7468aea706888C,54,0x0000000000000000000000000000000000000000000000000000000000000000
stabilityFeeCollector,0x00f093e0E188dA1711a18fd5BF7468aea706888C,55,0x0000000000000000000000000000000000000000000000000000000000000000
stabilityFeeCollector,0x00f093e0E188dA1711a18fd5BF7468aea706888C,56,0x0000000000000000000000000000000000000000000000000000000000000000
stabilityFeeCollector,0x00f093e0E188dA1711a18fd5BF7468aea706888C,57,0x0000000000000000000000000000000000000000000000000000000000000000
stabilityFeeCollector,0x00f093e0E188dA1711a18fd5BF7468aea706888C,58,0x0000000000000000000000000000000000000000000000000000000000000000
stabilityFeeCollector,0x00f093e0E188dA1711a18fd5BF7468aea706888C,59,0x0000000000000000000000000000000000000000000000000000000000000000
stabilityFeeCollector,0x00f093e0E188dA1711a18fd5BF7468aea706888C,60,0x0000000000000000000000000000000000000000000000000000000000000000
stabilityFeeCollector,0x00f093e0E188dA1711a18fd5BF7468aea706888C,61,0x0000000000000000000000000000000000000000000000000000000000000000
stabilityFeeCollector,0x00f093e0E188dA1711a18fd5BF7468aea706888C,62,0x0000000000000000000000000000000000000000000000000000000000000000
stabilityFeeCollector,0x00f093e0E188dA1711a18fd5BF7468aea706888C,63,0x0000000000000000000000000000000000000000000000000000000000000000
stabilityFeeCollector,0x00f093e0E188dA1711a18fd5BF7468aea706888C,64,0x0000000000000000000000000000000000000000000000000000000000000000
stabilityFeeCollector,0x00f093e0E188dA1711a18fd5BF7468aea706888C,65,0x0000000000000000000000000000000000000000000000000000000000000000
stabilityFeeCollector,0x00f093e0E188dA1711a18fd5BF7468aea706888C,66,0x0000000000000000000000000000000000000000000000000000000000000000
stabilityFeeCollector,0x00f093e0E188dA1711a18fd5BF7468aea706888C,67,0x0000000000000000000000000000000000000000000000000000000000000000
stabilityFeeCollector,0x00f093e0E188dA1711a18fd5BF7468aea706888C,68,0x0000000000000000000000000000000000000000000000000000000000000000
stabilityFeeCollector,0x00f093e0E188dA1711a18fd5BF7468aea706888C,69,0x0000000000000000000000000000000000000000000000000000000000000000
stabilityFeeCollector,0x00f093e0E188dA1711a18fd5BF7468aea706888C,70,0x0000000000000000000000000000000000000000000000000000000000000000
stabilityFeeCollector,0x00f093e0E188dA1711a18fd5BF7468aea706888C,71,0x0000000000000000000000000000000000000000000000000000000000000000
stabilityFeeCollector,0x00f093e0E188dA1711a18fd5BF7468aea706888C,72,0x0000000000000000000000000000000000000000000000000000000000000000
stabilityFeeCollector,0x00f093e0E188dA1711a18fd5BF7468aea706888C,73,0x0000000000000000000000000000000000000000000000000000000000000000
stabilityFeeCollector,0x00f093e0E188dA1711a18fd5BF7468aea706888C,74,0x0000000000000000000000000000000000000000000000000000000000000000
stabilityFeeCollector,0x00f093e0E188dA1711a18fd5BF7468aea706888C,75,0x0000000000000000000000000000000000000000000000000000000000000000
stabilityFeeCollector,0x00f093e0E188dA1711a18fd5BF7468aea706888C,76,0x0000000000000000000000000000000000000000000000000000000000000000
stabilityFeeCollector,0x00f093e0E188dA1711a18fd5BF7468aea706888C,77,0x0000000000000000000000000000000000000000000000000000000000000000
stabilityFeeCollector,0x00f093e0E188dA1711a18fd5BF7468aea706888C,78,0x0000000000000000000000000000000000000000000000000000000000000000
stabilityFeeCollector,0x00f093e0E188dA1711a18fd5BF7468aea706888C,79,0x0000000000000000000000000000000000000000000000000000000000000000
stabilityFeeCollector,0x00f093e0E188dA1711a18fd5BF7468aea706888C,80,0x0000000000000000000000000000000000000000000000000000000000000000
stabilityFeeCollector,0x00f093e0E188dA1711a18fd5BF7468aea706888C,81,0x0000000000000000000000000000000000000000000000000000000000000000
stabilityFeeCollector,0x00f093e0E188dA1711a18fd5BF7468aea706888C,82,0x0000000000000000000000000000000000000000000000000000000000000000
stabilityFeeCollector,0x00f093e0E188dA1711a18fd5BF7468aea706888C,83,0x0000000000000000000000000000000000000000000000000000000000000000
stabilityFeeCollector,0x00f093e0E188dA1711a18fd5BF7468aea706888C,84,0x0000000000000000000000000000000000000000000000000000000000000000
stabilityFeeCollector,0x00f093e0E188dA1711a18fd5BF7468aea706888C,85,0x0000000000000000000000000000000000000000000000000000000000000000
stabilityFeeCollector,0x00f093e0E188dA1711a18fd5BF7468aea706888C,86,0x0000000000000000000000000000000000000000000000000000000000000000
stabilityFeeCollector,0x00f093e0E188dA1711a18fd5BF7468aea706888C,87,0x0000000000000000000000000000000000000000000000000000000000000000
stabilityFeeCollector,0x00f093e0E188dA1711a18fd5BF7468aea706888C,88,0x0000000000000000000000000000000000000000000000000000000000000000
stabilityFeeCollector,0x00f093e0E188dA1711a18fd5BF7468aea706888C,89,0x0000000000000000000000000000000000000000000000000000000000000000
stabilityFeeCollector,0x00f093e0E188dA1711a18fd5BF7468aea706888C,90,0x0000000000000000000000000000000000000000000000000000000000000000
stabilityFeeCollector,0x00f093e0E188dA1711a18fd5BF7468aea706888C,91,0x0000000000000000000000000000000000000000000000000000000000000000
stabilityFeeCollector,0x00f093e0E188dA1711a18fd5BF7468aea706888C,92,0x0000000000000000000000000000000000000000000000000000000000000000
stabilityFeeCollector,0x00f093e0E188dA1711a18fd5BF7468aea706888C,93,0x0000000000000000000000000000000000000000000000000000000000000000
stabilityFeeCollector,0x00f093e0E188dA1711a18fd5BF7468aea706888C,94,0x0000000000000000000000000000000000000000000000000000000000000000
stabilityFeeCollector,0x00f093e0E188dA1711a18fd5BF7468aea706888C,95,0x0000000000000000000000000000000000000000000000000000000000000000
stabilityFeeCollector,0x00f093e0E188dA1711a18fd5BF7468aea706888C,96,0x0000000000000000000000000000000000000000000000000000000000000000
stabilityFeeCollector,0x00f093e0E188dA1711a18fd5BF7468aea706888C,97,0x0000000000000000000000000000000000000000000000000000000000000000
stabilityFeeCollector,0x00f093e0E188dA1711a18fd5BF7468aea706888C,98,0x0000000000000000000000000000000000000000000000000000000000000000
stabilityFeeCollector,0x00f093e0E188dA1711a18fd5BF7468aea706888C,99,0x0000000000000000000000000000000000000000000000000000000000000000
stabilityFeeCollector,0x00f093e0E188dA1711a18fd5BF7468aea706888C,100,0x0000000000000000000000000000000000000000000000000000000000000000
stabilityFeeCollector,0x00f093e0E188dA1711a18fd5BF7468aea706888C,101,0x0000000000000000000000000000000000000000000000000000000000000001
stabilityFeeCollector,0x00f093e0E188dA1711a18fd5BF7468aea706888C,102,0x0000000000000000000000000000000000000000000000000000000000000000
stabilityFeeCollector,0x00f093e0E188dA1711a18fd5BF7468aea706888C,103,0x0000000000000000000000000000000000000000000000000000000000000000
stabilityFeeCollector,0x00f093e0E188dA1711a18fd5BF7468aea706888C,104,0x0000000000000000000000000000000000000000000000000000000000000000
stabilityFeeCollector,0x00f093e0E188dA1711a18fd5BF7468aea706888C,105,0x0000000000000000000000000000000000000000000000000000000000000000
stabilityFeeCollector,0x00f093e0E188dA1711a18fd5BF7468aea706888C,106,0x0000000000000000000000000000000000000000000000000000000000000000
stabilityFeeCollector,0x00f093e0E188dA1711a18fd5BF7468aea706888C,107,0x0000000000000000000000000000000000000000000000000000000000000000
stabilityFeeCollector,0x00f093e0E188dA1711a18fd5BF7468aea706888C,108,0x0000000000000000000000000000000000000000000000000000000000000000
stabilityFeeCollector,0x00f093e0E188dA1711a18fd5BF7468aea706888C,109,0x0000000000000000000000000000000000000000000000000000000000000000
stabilityFeeCollector,0x00f093e0E188dA1711a18fd5BF7468aea706888C,110,0x0000000000000000000000000000000000000000000000000000000000000000
stabilityFeeCollector,0x00f093e0E188dA1711a18fd5BF7468aea706888C,111,0x0000000000000000000000000000000000000000000000000000000000000000
stabilityFeeCollector,0x00f093e0E188dA1711a18fd5BF7468aea706888C,112,0x0000000000000000000000000000000000000000000000000000000000000000
stabilityFeeCollector,0x00f093e0E188dA1711a18fd5BF7468aea706888C,113,0x0000000000000000000000000000000000000000000000000000000000000000
stabilityFeeCollector,0x00f093e0E188dA1711a18fd5BF7468aea706888C,114,0x0000000000000000000000000000000000000000000000000000000000000000
stabilityFeeCollector,0x00f093e0E188dA1711a18fd5BF7468aea706888C,115,0x0000000000000000000000000000000000000000000000000000000000000000
stabilityFeeCollector,0x00f093e0E188dA1711a18fd5BF7468aea706888C,116,0x0000000000000000000000000000000000000000000000000000000000000000
stabilityFeeCollector,0x00f093e0E188dA1711a18fd5BF7468aea706888C,117,0x0000000000000000000000000000000000000000000000000000000000000000
stabilityFeeCollector,0x00f093e0E188dA1711a18fd5BF7468aea706888C,118,0x0000000000000000000000000000000000000000000000000000000000000000
stabilityFeeCollector,0x00f093e0E188dA1711a18fd5BF7468aea706888C,119,0x0000000000000000000000000000000000000000000000000000000000000000
stabilityFeeCollector,0x00f093e0E188dA1711a18fd5BF7468aea706888C,120,0x0000000000000000000000000000000000000000000000000000000000000000
stabilityFeeCollector,0x00f093e0E188dA1711a18fd5BF7468aea706888C,121,0x0000000000000000000000000000000000000000000000000000000000000000
stabilityFeeCollector,0x00f093e0E188dA1711a18fd5BF7468aea706888C,122,0x0000000000000000000000000000000000000000000000000000000000000000
stabilityFeeCollector,0x00f093e0E188dA1711a18fd5BF7468aea706888C,123,0x0000000000000000000000000000000000000000000000000000000000000000
stabilityFeeCollector,0x00f093e0E188dA1711a18fd5BF7468aea706888C,124,0x0000000000000000000000000000000000000000000000000000000000000000
stabilityFeeCollector,0x00f093e0E188dA1711a18fd5BF7468aea706888C,125,0x0000000000000000000000000000000000000000000000000000000000000000
stabilityFeeCollector,0x00f093e0E188dA1711a18fd5BF7468aea706888C,126,0x0000000000000000000000000000000000000000000000000000000000000000
stabilityFeeCollector,0x00f093e0E188dA1711a18fd5BF7468aea706888C,127,0x0000000000000000000000000000000000000000000000000000000000000000
stabilityFeeCollector,0x00f093e0E188dA1711a18fd5BF7468aea706888C,128,0x0000000000000000000000000000000000000000000000000000000000000000
stabilityFeeCollector,0x00f093e0E188dA1711a18fd5BF7468aea706888C,129,0x0000000000000000000000000000000000000000000000000000000000000000
stabilityFeeCollector,0x00f093e0E188dA1711a18fd5BF7468aea706888C,130,0x0000000000000000000000000000000000000000000000000000000000000000
stabilityFeeCollector,0x00f093e0E188dA1711a18fd5BF7468aea706888C,131,0x0000000000000000000000000000000000000000000000000000000000000000
stabilityFeeCollector,0x00f093e0E188dA1711a18fd5BF7468aea706888C,132,0x0000000000000000000000000000000000000000000000000000000000000000
stabilityFeeCollector,0x00f093e0E188dA1711a18fd5BF7468aea706888C,133,0x0000000000000000000000000000000000000000000000000000000000000000
stabilityFeeCollector,0x00f093e0E188dA1711a18fd5BF7468aea706888C,134,0x0000000000000000000000000000000000000000000000000000000000000000
stabilityFeeCollector,0x00f093e0E188dA1711a18fd5BF7468aea706888C,135,0x0000000000000000000000000000000000000000000000000000000000000000
stabilityFeeCollector,0x00f093e0E188dA1711a18fd5BF7468aea706888C,136,0x0000000000000000000000000000000000000000000000000000000000000000
stabilityFeeCollector,0x00f093e0E188dA1711a18fd5BF7468aea706888C,137,0x0000000000000000000000000000000000000000000000000000000000000000
stabilityFeeCollector,0x00f093e0E188dA1711a18fd5BF7468aea706888C,138,0x0000000000000000000000000000000000000000000000000000000000000000
stabilityFeeCollector,0x00f093e0E188dA1711a18fd5BF7468aea706888C,139,0x0000000000000000000000000000000000000000000000000000000000000000
stabilityFeeCollector,0x00f093e0E188dA1711a18fd5BF7468aea706888C,140,0x0000000000000000000000000000000000000000000000000000000000000000
stabilityFeeCollector,0x00f093e0E188dA1711a18fd5BF7468aea706888C,141,0x0000000000000000000000000000000000000000000000000000000000000000
stabilityFeeCollector,0x00f093e0E188dA1711a18fd5BF7468aea706888C,142,0x0000000000000000000000000000000000000000000000000000000000000000
stabilityFeeCollector,0x00f093e0E188dA1711a18fd5BF7468aea706888C,143,0x0000000000000000000000000000000000000000000000000000000000000000
stabilityFeeCollector,0x00f093e0E188dA1711a18fd5BF7468aea706888C,144,0x0000000000000000000000000000000000000000000000000000000000000000
stabilityFeeCollector,0x00f093e0E188dA1711a18fd5BF7468aea706888C,145,0x0000000000000000000000000000000000000000000000000000000000000000
stabilityFeeCollector,0x00f093e0E188dA1711a18fd5BF7468aea706888C,146,0x0000000000000000000000000000000000000000000000000000000000000000
stabilityFeeCollector,0x00f093e0E188dA1711a18fd5BF7468aea706888C,147,0x0000000000000000000000000000000000000000000000000000000000000000
stabilityFeeCollector,0x00f093e0E188dA1711a18fd5BF7468aea706888C,148,0x0000000000000000000000000000000000000000000000000000000000000000
stabilityFeeCollector,0x00f093e0E188dA1711a18fd5BF7468aea706888C,149,0x0000000000000000000000000000000000000000000000000000000000000000
stabilityFeeCollector,0x00f093e0E188dA1711a18fd5BF7468aea706888C,150,0x0000000000000000000000000000000000000000000000000000000000000000
stabilityFeeCollector,0x00f093e0E188dA1711a18fd5BF7468aea706888C,151,0x0000000000000000000000006fd3f049df9e1886e1dfc1a034d379efab0603ce
stabilityFeeCollector,0x00f093e0E188dA1711a18fd5BF7468aea706888C,152,0x000000000000000000000000e8ede47d96757fb872fe5fea1ba3c5af39ec2246
stabilityFeeCollector,0x00f093e0E188dA1711a18fd5BF7468aea706888C,153,0x0000000000000000000000000000000000000000000000000000000000000000
stabilityFeeCollector,0x00f093e0E188dA1711a18fd5BF7468aea706888C,154,0x0000000000000000000000000000000000000000000000000000000000000000
stabilityFeeCollector,0x00f093e0E188dA1711a18fd5BF7468aea706888C,155,0x0000000000000000000000000000000000000000000000000000000000000000
stabilityFeeCollector,0x00f093e0E188dA1711a18fd5BF7468aea706888C,156,0x0000000000000000000000000000000000000000000000000000000000000000
stabilityFeeCollector,0x00f093e0E188dA1711a18fd5BF7468aea706888C,157,0x0000000000000000000000000000000000000000000000000000000000000000
stabilityFeeCollector,0x00f093e0E188dA1711a18fd5BF7468aea706888C,158,0x0000000000000000000000000000000000000000000000000000000000000000
stabilityFeeCollector,0x00f093e0E188dA1711a18fd5BF7468aea706888C,159,0x0000000000000000000000000000000000000000000000000000000000000000
stabilityFeeCollector,0x00f093e0E188dA1711a18fd5BF7468aea706888C,160,0x0000000000000000000000000000000000000000000000000000000000000000
stabilityFeeCollector,0x00f093e0E188dA1711a18fd5BF7468aea706888C,161,0x0000000000000000000000000000000000000000000000000000000000000000
stabilityFeeCollector,0x00f093e0E188dA1711a18fd5BF7468aea706888C,162,0x0000000000000000000000000000000000000000000000000000000000000000
stabilityFeeCollector,0x00f093e0E188dA1711a18fd5BF7468aea706888C,163,0x0000000000000000000000000000000000000000000000000000000000000000
stabilityFeeCollector,0x00f093e0E188dA1711a18fd5BF7468aea706888C,164,0x0000000000000000000000000000000000000000000000000000000000000000
stabilityFeeCollector,0x00f093e0E188dA1711a18fd5BF7468aea706888C,165,0x0000000000000000000000000000000000000000000000000000000000000000
stabilityFeeCollector,0x00f093e0E188dA1711a18fd5BF7468aea706888C,166,0x0000000000000000000000000000000000000000000000000000000000000000
stabilityFeeCollector,0x00f093e0E188dA1711a18fd5BF7468aea706888C,167,0x0000000000000000000000000000000000000000000000000000000000000000
stabilityFeeCollector,0x00f093e0E188dA1711a18fd5BF7468aea706888C,168,0x0000000000000000000000000000000000000000000000000000000000000000